epoch,train_loss,val_loss,val_sentiment_acc,val_sentiment_macro_f1,val_derived_acc,val_derived_macro_f1
1,1.3367442410877772,1.1422480667750041,0.8046666383743286,0.516750368947306,0.7752000093460083,0.771880525513614
2,1.0120710121018546,1.013554830423991,0.8167999982833862,0.5547186194168571,0.7883999943733215,0.7876389699927712
3,0.8436018489020212,1.0056902519861857,0.8044000267982483,0.5609524765383802,0.7806666493415833,0.7758468480278267
4,0.6928588676452637,1.0046127736727397,0.7896000146865845,0.5628903524133958,0.7868000268936157,0.7855546969920343
5,0.4988363815035139,1.049441519800822,0.7950666546821594,0.5698252127721802,0.7941333055496216,0.7927612620912936
6,0.31999501408168246,1.301842105547587,0.7133333086967468,0.5435034375232125,0.7832000255584717,0.7794741435013149
7,-0.04174725478036063,1.8629765566507974,0.7455999851226807,0.5478363495873283,0.772266685962677,0.7730995842875054
8,-0.25041003101893833,2.6156645831425984,0.793066680431366,0.5679239200386297,0.7790666818618774,0.7775178562823063
