lr,layers,d_model,heads,ff_dim,dropout,batch_size,epochs,ppl_full,ppl_baseline
0.001,2,128,4,256,0.2,8,1,11.845446852011579,14.838252546886265
0.001,2,128,4,256,0.2,8,10,8.088660133593306,9.591492863399253
0.001,2,128,4,256,0.2,16,3,1.1681764955006186,1.2635003438525625
