k,sentiment_agreement_at_k,mean_top1_cosine
3,0.7917777895927429,0.9176855683326721
5,0.7911733388900757,0.9176855683326721
10,0.7928400039672852,0.9176855683326721
